Company/Contact,Primary Contact,Stage,Outcome,Notes,Last Interaction,Location,Website,Owner
Harbor Ridge Partners,Alex Morgan,3 - NDA Sent,,"Asked for the teaser again, forwarded to their IC",Sep 24 2026,"Nashville, Tn",harborridge.example,Deal team
Pinecrest Capital,Sam Rivera,5 - CIM Sent,,"Call went well.
Wants the Q3 numbers and adjusted EBITDA bridge",Sep 20 2026,"Austin, TX",pinecrest.example,Deal team
Northgate Holdings,Jo Park,Pass,"Pass - To much exposure to change in reimbursement, prefer cash pay businesses",,"Sep 10, 2026","Denver, CO",northgate.example,Deal team
Summit Lane Group,Casey Quinn,Pass,"""Outside of mandate""",Fund is focused on larger platforms,"Aug 2, 2026","Charlotte, NC",summitlane.example,Deal team
Bluewater Equity,Dana Fox,Pass,"Pass - CIM Sent - Valuation gap on the payer mix",,"Aug 30, 2026","Boston, MA",bluewater.example,Deal team
Crescent Health Partners,Lee Grant,2 - Teaser Sent,,Follow up after the holiday,"Sep 18, 2026","Tulsa, OK",crescenthealth.example,Deal team
Ironwood Family Office,Morgan Ellis,6 - IOI Received,,"IOI in the range we expected, wants a mgmt call",Sep 26 2026,"Dallas, TX",ironwoodfo.example,Deal team
Lakeshore Strategic,Riley Chen,4 - NDA Signed,,,"Sep 15, 2026","Chicago, IL",lakeshore.example,Deal team
